{
  "code": 200,
  "suc": true,
  "msg": "",
  "data": [
    {
      "id": 0,
      "name": "于桂英",
      "color": "#8279f2",
      "content": "下周的你。[心]",
      "time": "刚刚",
      "imgs": [
        "assets/wechat/discover/friends/img10.jpg"
      ]
    },
    {
      "id": 1,
      "name": "侯静",
      "color": "#93f279",
      "content": "值得借鉴的温柔气质感初秋穿搭",
      "time": "5分钟前",
      "imgs": [
        "assets/wechat/discover/friends/img1.jpg",
        "assets/wechat/discover/friends/img2.jpg",
        "assets/wechat/discover/friends/img3.jpg",
        "assets/wechat/discover/friends/img4.jpg",
        "assets/wechat/discover/friends/img5.jpg",
        "assets/wechat/discover/friends/img6.jpg",
        "assets/wechat/discover/friends/img7.jpg",
        "assets/wechat/discover/friends/img8.jpg",
        "assets/wechat/discover/friends/img9.jpg"
      ]
    },
    {
      "id": 2,
      "name": "乔秀兰",
      "color": "#f279b6",
      "content": "我很懒，没什么特长，但熬夜是一把好手。",
      "time": "1小时前",
      "imgs": [
        "assets/wechat/discover/friends/wx_img2.JPG",
        "assets/wechat/discover/friends/wx_img3.JPG",
        "assets/wechat/discover/friends/wx_img4.JPG",
        "assets/wechat/discover/friends/wx_img5.JPG"
      ]
    },
    {
      "id": 3,
      "name": "何洋",
      "color": "#79daf2",
      "content": "才发现，世界这么大，不刻意去见的人真的见不到了呢。",
      "time": "1小时前",
      "imgs": [
        "assets/wechat/discover/friends/wx_img6.JPG"
      ]
    },
    {
      "id": 4,
      "name": "马霞",
      "color": "#f2e779",
      "content": "脾气这玩意我控制不好，心没那么大，照顾不到每个人的感受。",
      "time": "3小时前",
      "imgs": [
        "assets/wechat/discover/friends/wx_img7.JPG",
        "assets/wechat/discover/friends/wx_img8.JPG"
      ]
    },
    {
      "id": 5,
      "name": "孟桂英",
      "color": "#c379f2",
      "content": "那些令你长大的事情要永远记得。",
      "time": "5小时前",
      "imgs": [
        "assets/wechat/discover/friends/wx_img9.JPG",
        "assets/wechat/discover/friends/wx_img10.JPG",
        "assets/wechat/discover/friends/wx_img11.JPG"
      ]
    },
    {
      "id": 6,
      "name": "董刚",
      "color": "#79f2a0",
      "content": "有些歌深入人心，到底是在听歌，还是在听自己。",
      "time": "6小时前",
      "imgs": [
        "assets/wechat/discover/friends/wx_img13.JPG",
        "assets/wechat/discover/friends/wx_img14.JPG",
        "assets/wechat/discover/friends/wx_img15.JPG",
        "assets/wechat/discover/friends/wx_img16.JPG",
        "assets/wechat/discover/friends/wx_img17.JPG"
      ]
    },
    {
      "id": 7,
      "name": "邱芳",
      "color": "#f27c79",
      "content": "一盏一直亮着的灯，你不会去注意，但是如果它一亮一灭，你就会注意到。",
      "time": "8小时前",
      "imgs": [
        "assets/wechat/discover/friends/wx_img20.JPG",
        "assets/wechat/discover/friends/wx_img21.JPG",
        "assets/wechat/discover/friends/wx_img22.JPG",
        "assets/wechat/discover/friends/wx_img23.JPG",
        "assets/wechat/discover/friends/wx_img24.JPG",
        "assets/wechat/discover/friends/wx_img25.JPG",
        "assets/wechat/discover/friends/wx_img26.JPG",
        "assets/wechat/discover/friends/wx_img27.JPG"
      ]
    },
    {
      "id": 8,
      "name": "康洋",
      "color": "#7998f2",
      "content": "余生很长，一定要学会对自己好一点；余生很短，请不要带着遗憾离场；余生很贵，请努力地活成自己喜欢的模样！",
      "time": "10小时前",
      "imgs": [
        "assets/wechat/discover/friends/wx_img28.JPG"
      ]
    },
    {
      "id": 9,
      "name": "沈芳",
      "color": "#bbf279",
      "content": "其实，我们都是等爱的孩子，等着那双手将自己扶起，爱怜的拥在怀里。只是很多时候，我们等不到，只能自己爬起来，拍拍身上的泥土，继续前行。",
      "time": "12小时前",
      "imgs": [
        "assets/wechat/discover/friends/image1.jpeg",
        "assets/wechat/discover/friends/image2.jpeg",
        "assets/wechat/discover/friends/image3.jpeg",
        "assets/wechat/discover/friends/image4.jpeg",
        "assets/wechat/discover/friends/image5.jpeg",
        "assets/wechat/discover/friends/image6.jpeg",
        "assets/wechat/discover/friends/image7.jpeg",
        "assets/wechat/discover/friends/image8.jpeg",
        "assets/wechat/discover/friends/image9.jpeg"
      ]
    },
    {
      "id": 10,
      "name": "袁娟",
      "color": "#f279df",
      "content": "很多事真的不能只看表面，比如，无理取闹的人是想被关注，喊着“再见”的人是想被挽留，祝你幸福的人是想永远跟你在一起。",
      "time": "15小时前",
      "imgs": [
        "assets/wechat/discover/friends/wx_img29.JPG",
        "assets/wechat/discover/friends/wx_img30.JPG"
      ]
    },
    {
      "id": 11,
      "name": "孔勇",
      "color": "#79f2e1",
      "content": "据说，好脾气都是磨出来的，坏毛病都是惯出来的，治的了脾气的是爱，受的了脾气的是爱。所以，且行且珍惜。",
      "time": "18小时前",
      "imgs": [
        "assets/wechat/discover/friends/wx_img31.JPG",
        "assets/wechat/discover/friends/wx_img32.JPG",
        "assets/wechat/discover/friends/wx_img33.JPG"
      ]
    },
    {
      "id": 12,
      "name": "金娜",
      "color": "#f2be79",
      "content": "发朋友圈之前会考虑很多，发说说就不会，甚至肆无忌惮。",
      "time": "22小时前",
      "imgs": [
        "assets/wechat/discover/friends/image3.jpeg",
        "assets/wechat/discover/friends/image4.jpeg",
        "assets/wechat/discover/friends/image5.jpeg",
        "assets/wechat/discover/friends/image6.jpeg"
      ]
    },
    {
      "id": 13,
      "name": "苏强",
      "color": "#9b79f2",
      "content": "放手如同坏牙拔掉的那一刻，你会觉得解脱。开始舌头总会不由自主，往那个空空的牙洞里舔一天数次，后来习惯了也就无所谓了。适应了你也不在乎舔了或没舔。但牙总是要拔，因为太痛所以终归还是要放手。",
      "time": "1天前",
      "imgs": [
        "assets/wechat/discover/friends/wx_img10.JPG",
        "assets/wechat/discover/friends/wx_img11.JPG",
        "assets/wechat/discover/friends/wx_img12.JPG",
        "assets/wechat/discover/friends/wx_img13.JPG",
        "assets/wechat/discover/friends/wx_img14.JPG",
        "assets/wechat/discover/friends/wx_img15.JPG",
        "assets/wechat/discover/friends/wx_img16.JPG",
        "assets/wechat/discover/friends/wx_img17.JPG"
      ]
    },
    {
      "id": 14,
      "name": "孙涛",
      "color": "#7af279",
      "content": "你还年轻，并且浪漫多情，可以为钱，为脸，为身材烦恼，但不要为感情折腰。",
      "time": "1天前",
      "imgs": [
        "assets/wechat/discover/friends/image6.jpeg",
        "assets/wechat/discover/friends/image7.jpeg",
        "assets/wechat/discover/friends/image8.jpeg"
      ]
    },
    {
      "id": 15,
      "name": "程秀兰",
      "color": "#f2799d",
      "content": "我突然觉得“得偿所愿”真的是一个很好的祝福，是期待没有被扑空的踏实感，是愿望被小心翼翼托住了的妥当，就像月亮一样温柔的圆满，所以祝你我皆“得偿所愿”。",
      "time": "1天前",
      "imgs": [
      ]
    },
    {
      "id": 16,
      "name": "赵军",
      "color": "#79c1f2",
      "content": "世界上唯独骗不了的，是自己的心。它总在你最没提防时，暴露你的欢喜忧愁。",
      "time": "1天前",
      "imgs": [
        "assets/wechat/discover/friends/image4.jpeg"
      ]
    },
    {
      "id": 17,
      "name": "杜军",
      "color": "#e4f279",
      "content": "大多数时候，消耗你能量的都不是工作，而是工作中遇到的人。干活本身是不累的，平衡情绪最累。",
      "time": "2天前",
      "imgs": [
        "assets/wechat/discover/friends/wx_img3.JPG",
        "assets/wechat/discover/friends/wx_img4.JPG"
      ]
    },
    {
      "id": 18,
      "name": "方勇",
      "color": "#dc79f2",
      "content": "因为无能为力，所以顺其自然，因为心无所恃，所以随遇而安。",
      "time": "2天前",
      "imgs": [
        "assets/wechat/discover/friends/wx_img11.JPG",
        "assets/wechat/discover/friends/wx_img12.JPG",
        "assets/wechat/discover/friends/wx_img13.JPG",
        "assets/wechat/discover/friends/wx_img14.JPG",
        "assets/wechat/discover/friends/wx_img15.JPG",
        "assets/wechat/discover/friends/wx_img16.JPG"
      ]
    },
    {
      "id": 19,
      "name": "宋军",
      "color": "#79f2b9",
      "content": "最好的人，像孩子一样，真诚。像夕阳一样，温暖。像天空一样，宁静。",
      "time": "3天前",
      "imgs": [
        "assets/wechat/discover/friends/wx_img7.JPG",
        "assets/wechat/discover/friends/wx_img7.JPG",
        "assets/wechat/discover/friends/wx_img7.JPG",
        "assets/wechat/discover/friends/wx_img7.JPG",
        "assets/wechat/discover/friends/wx_img7.JPG"
      ]
    },
    {
      "id": 20,
      "name": "夏明",
      "color": "#f29679",
      "content": "有时候，失望到一定程度后，反而会开出一朵花来，那朵花的名字叫，无所谓。",
      "time": "5天前",
      "imgs": [
        "assets/wechat/discover/friends/wx_img4.JPG",
        "assets/wechat/discover/friends/wx_img7.JPG"
      ]
    },
    {
      "id": 21,
      "name": "侯芳",
      "color": "#797ff2",
      "content": "纽扣第一颗就扣错了，可你扣到最后一颗才发现。有些事一开始就是错的，可只有到最后才不得不承认。",
      "time": "5天前",
      "imgs": [
        "assets/wechat/discover/friends/wx_img11.JPG",
        "assets/wechat/discover/friends/wx_img27.JPG",
        "assets/wechat/discover/friends/wx_img15.JPG"
      ]
    },
    {
      "id": 22,
      "name": "冯明",
      "color": "#a2f279",
      "content": "有时候，虽然能想明白，但心里就是接受不了。大道理人人都懂，小情绪却难以自控。",
      "time": "8天前",
      "imgs": [
        "assets/wechat/discover/friends/wx_img23.JPG"
      ]
    },
    {
      "id": 23,
      "name": "万静",
      "color": "#f279c6",
      "content": "一个人至少应该拥有一个梦想，有一个理由去坚强，心若没有栖息的地方，在哪里都是流浪。",
      "time": "1个月前",
      "imgs": [
        "assets/wechat/discover/friends/image1.jpeg",
        "assets/wechat/discover/friends/image2.jpeg",
        "assets/wechat/discover/friends/image3.jpeg",
        "assets/wechat/discover/friends/image4.jpeg"
      ]
    },
    {
      "id": 24,
      "name": "孙磊",
      "color": "#79e9f2",
      "content": "不是时间过得很慢：是因为你过得很糟糕；不是时间过得快：是因为时间对你越来越重要。",
      "time": "1个月前",
      "imgs": [
        "assets/wechat/discover/friends/image1.jpeg",
        "assets/wechat/discover/friends/image8.jpeg",
        "assets/wechat/discover/friends/image9.jpeg"
      ]
    },
    {
      "id": 25,
      "name": "袁霞",
      "color": "#f2d779",
      "content": "你之所以一边埋怨自己，一边又安于现状，是因为你还没走到无路可走的时候。真正的选择，是别无选择！",
      "time": "1个月前",
      "imgs": [
        "assets/wechat/discover/friends/image1.jpeg",
        "assets/wechat/discover/friends/image2.jpeg",
        "assets/wechat/discover/friends/image3.jpeg",
        "assets/wechat/discover/friends/image4.jpeg",
        "assets/wechat/discover/friends/image5.jpeg"
      ]
    },
    {
      "id": 26,
      "name": "黄刚",
      "color": "#b479f2",
      "content": "今天再大的事，到了明天就是小事；今年再大的事，到了明年就是故事。",
      "time": "1个月前",
      "imgs": [
        "assets/wechat/discover/friends/image4.jpeg",
        "assets/wechat/discover/friends/image5.jpeg",
        "assets/wechat/discover/friends/image6.jpeg",
        "assets/wechat/discover/friends/image7.jpeg",
        "assets/wechat/discover/friends/image8.jpeg",
        "assets/wechat/discover/friends/image9.jpeg"
      ]
    },
    {
      "id": 27,
      "name": "郭洋",
      "color": "#79f290",
      "content": "世界上最远的距离，不是爱，不是恨，而是熟悉的人，渐渐变得陌生。",
      "time": "2个月前",
      "imgs": [
        "assets/wechat/discover/friends/image2.jpeg",
        "assets/wechat/discover/friends/image3.jpeg",
        "assets/wechat/discover/friends/image4.jpeg",
        "assets/wechat/discover/friends/image5.jpeg",
        "assets/wechat/discover/friends/image6.jpeg",
        "assets/wechat/discover/friends/image7.jpeg",
        "assets/wechat/discover/friends/image8.jpeg",
        "assets/wechat/discover/friends/image9.jpeg"
      ]
    },
    {
      "id": 28,
      "name": "邹艳",
      "color": "#f27984",
      "content": "大喜大悲看清自己，大起大落看清朋友。没有一个足够宽容的心，就看不到一个春光明媚的世界。",
      "time": "3个月前",
      "imgs": [
      ]
    },
    {
      "id": 29,
      "name": "刘涛",
      "color": "#79a8f2",
      "content": "人总要找点事情做，让自己忙起来，忙起来才知道生活不易，才明白平时的忧伤都是矫情。",
      "time": "3个月前",
      "imgs": [
      ]
    },
    {
      "id": 30,
      "name": "余刚",
      "color": "#cbf279",
      "content": "大事难事，看担当；逆境顺境，看胸襟；是喜是怒，看涵养；有舍有得，看智慧；是成是败，看坚持。",
      "time": "5个月前",
      "imgs": [
        "assets/wechat/discover/friends/wx_img12.JPG",
        "assets/wechat/discover/friends/wx_img13.JPG",
        "assets/wechat/discover/friends/wx_img14.JPG",
        "assets/wechat/discover/friends/wx_img15.JPG",
        "assets/wechat/discover/friends/wx_img16.JPG",
        "assets/wechat/discover/friends/wx_img17.JPG",
        "assets/wechat/discover/friends/wx_img18.JPG",
        "assets/wechat/discover/friends/wx_img19.JPG",
        "assets/wechat/discover/friends/wx_img20.JPG"
      ]
    },
    {
      "id": 31,
      "name": "唐刚",
      "color": "#f279ee",
      "content": "属于自己的，永远都在，即使远在天边；不属于自己的，就算紧紧握在手里，只会弄痛自己。",
      "time": "6个月前",
      "imgs": [
        "assets/wechat/discover/friends/wx_img5.JPG",
        "assets/wechat/discover/friends/wx_img6.JPG"
      ]
    },
    {
      "id": 32,
      "name": "赵刚",
      "color": "#79f2d2",
      "content": "既然无法言说，不如一笑而过；既然无法释怀，不如昂然自若。",
      "time": "1年前",
      "imgs": [
        "assets/wechat/discover/friends/wx_img22.JPG",
        "assets/wechat/discover/friends/wx_img28.JPG",
        "assets/wechat/discover/friends/wx_img32.JPG"
      ]
    },
    {
      "id": 33,
      "name": "蒋军",
      "color": "#f2af79",
      "content": "能管理好自己的情绪，你就是优雅的，能控制好自己的心态，你就是成功的。",
      "time": "1年前",
      "imgs": [
        "assets/wechat/discover/friends/wx_img10.JPG"
      ]
    },
    {
      "id": 34,
      "name": "石秀英",
      "color": "#8b79f2",
      "content": "当善良的人摘下面具的时候，你连跪下的机会都没有！",
      "time": "1年前",
      "imgs": [
        "assets/wechat/discover/friends/wx_img5.JPG"
      ]
    },
    {
      "id": 35,
      "name": "卢平",
      "color": "#89f279",
      "content": "起初，我们揣着糊涂装明白。后来，我们揣着明白装糊涂。并不是我们愿意活得不明不白。只是，好多事情，一用力，就会拆穿，一拆穿，就会失去。成人的世界，总是这么脆弱。",
      "time": "1年前",
      "imgs": [
        "assets/wechat/discover/friends/wx_img22.JPG"
      ]
    },
    {
      "id": 36,
      "name": "廖秀英",
      "color": "#f279ad",
      "content": "当你连尝试的勇气都没有，你就不配拥有幸福，也永远不会得到幸福，伤过，痛过，才知道有多深刻。",
      "time": "3年前",
      "imgs": [
        "assets/wechat/discover/friends/image2.jpeg",
        "assets/wechat/discover/friends/image3.jpeg",
        "assets/wechat/discover/friends/image4.jpeg",
        "assets/wechat/discover/friends/image5.jpeg",
        "assets/wechat/discover/friends/image6.jpeg",
        "assets/wechat/discover/friends/image7.jpeg",
        "assets/wechat/discover/friends/image8.jpeg",
        "assets/wechat/discover/friends/image9.jpeg"
      ]
    }
  ]
}
