{
  "code": 200,
  "suc": true,
  "msg": "",
  "data": [
    {
      "id": 0,
      "name": "于桂英",
      "color": "#8279f2",
      "steps": 35205,
      "isStar": true,
      "starNum": 34,
      "isOwn": false
    },
    {
      "id": 1,
      "name": "侯静",
      "color": "#93f279",
      "steps": 34985,
      "isStar": false,
      "starNum": 32,
      "isOwn": false
    },
    {
      "id": 2,
      "name": "乔秀兰",
      "color": "#f279b6",
      "steps": 34765,
      "isStar": true,
      "starNum": 48,
      "isOwn": false
    },
    {
      "id": 3,
      "name": "何洋",
      "color": "#79daf2",
      "steps": 34545,
      "isStar": true,
      "starNum": 23,
      "isOwn": false
    },
    {
      "id": 4,
      "name": "马霞",
      "color": "#f2e779",
      "steps": 34325,
      "isStar": false,
      "starNum": 39,
      "isOwn": false
    },
    {
      "id": 5,
      "name": "孟桂英",
      "color": "#c379f2",
      "steps": 34105,
      "isStar": true,
      "starNum": 30,
      "isOwn": false
    },
    {
      "id": 6,
      "name": "董刚",
      "color": "#79f2a0",
      "steps": 33885,
      "isStar": false,
      "starNum": 7,
      "isOwn": false
    },
    {
      "id": 7,
      "name": "邱芳",
      "color": "#f27c79",
      "steps": 33665,
      "isStar": true,
      "starNum": 31,
      "isOwn": false
    },
    {
      "id": 8,
      "name": "康洋",
      "color": "#7998f2",
      "steps": 33445,
      "isStar": true,
      "starNum": 44,
      "isOwn": false
    },
    {
      "id": 9,
      "name": "沈芳",
      "color": "#bbf279",
      "steps": 33225,
      "isStar": false,
      "starNum": 1,
      "isOwn": false
    },
    {
      "id": 10,
      "name": "袁娟",
      "color": "#f279df",
      "steps": 33005,
      "isStar": false,
      "starNum": 28,
      "isOwn": false
    },
    {
      "id": 11,
      "name": "孔勇",
      "color": "#79f2e1",
      "steps": 32785,
      "isStar": true,
      "starNum": 42,
      "isOwn": false
    },
    {
      "id": 12,
      "name": "金娜",
      "color": "#f2be79",
      "steps": 32565,
      "isStar": false,
      "starNum": 27,
      "isOwn": false
    },
    {
      "id": 13,
      "name": "苏强",
      "color": "#9b79f2",
      "steps": 32345,
      "isStar": false,
      "starNum": 27,
      "isOwn": false
    },
    {
      "id": 14,
      "name": "孙涛",
      "color": "#7af279",
      "steps": 32125,
      "isStar": false,
      "starNum": 25,
      "isOwn": false
    },
    {
      "id": 15,
      "name": "程秀兰",
      "color": "#f2799d",
      "steps": 31905,
      "isStar": false,
      "starNum": 43,
      "isOwn": false
    },
    {
      "id": 16,
      "name": "赵军",
      "color": "#79c1f2",
      "steps": 31685,
      "isStar": false,
      "starNum": 46,
      "isOwn": false
    },
    {
      "id": 17,
      "name": "杜军",
      "color": "#e4f279",
      "steps": 31465,
      "isStar": false,
      "starNum": 44,
      "isOwn": false
    },
    {
      "id": 18,
      "name": "方勇",
      "color": "#dc79f2",
      "steps": 31245,
      "isStar": false,
      "starNum": 20,
      "isOwn": false
    },
    {
      "id": 19,
      "name": "宋军",
      "color": "#79f2b9",
      "steps": 31025,
      "isStar": false,
      "starNum": 24,
      "isOwn": false
    },
    {
      "id": 20,
      "name": "夏明",
      "color": "#f29679",
      "steps": 30805,
      "isStar": true,
      "starNum": 11,
      "isOwn": false
    },
    {
      "id": 21,
      "name": "侯芳",
      "color": "#797ff2",
      "steps": 30585,
      "isStar": false,
      "starNum": 28,
      "isOwn": false
    },
    {
      "id": 22,
      "name": "冯明",
      "color": "#a2f279",
      "steps": 30365,
      "isStar": true,
      "starNum": 23,
      "isOwn": false
    },
    {
      "id": 23,
      "name": "万静",
      "color": "#f279c6",
      "steps": 30145,
      "isStar": true,
      "starNum": 5,
      "isOwn": false
    },
    {
      "id": 24,
      "name": "孙磊",
      "color": "#79e9f2",
      "steps": 29925,
      "isStar": true,
      "starNum": 44,
      "isOwn": false
    },
    {
      "id": 25,
      "name": "袁霞",
      "color": "#f2d779",
      "steps": 29705,
      "isStar": true,
      "starNum": 6,
      "isOwn": false
    },
    {
      "id": 26,
      "name": "黄刚",
      "color": "#b479f2",
      "steps": 29485,
      "isStar": true,
      "starNum": 2,
      "isOwn": false
    },
    {
      "id": 27,
      "name": "郭洋",
      "color": "#79f290",
      "steps": 29265,
      "isStar": true,
      "starNum": 3,
      "isOwn": false
    },
    {
      "id": 28,
      "name": "邹艳",
      "color": "#f27984",
      "steps": 29045,
      "isStar": true,
      "starNum": 30,
      "isOwn": false
    },
    {
      "id": 29,
      "name": "刘涛",
      "color": "#79a8f2",
      "steps": 28825,
      "isStar": true,
      "starNum": 13,
      "isOwn": false
    },
    {
      "id": 30,
      "name": "余刚",
      "color": "#cbf279",
      "steps": 28605,
      "isStar": true,
      "starNum": 50,
      "isOwn": false
    },
    {
      "id": 31,
      "name": "唐刚",
      "color": "#f279ee",
      "steps": 28385,
      "isStar": false,
      "starNum": 49,
      "isOwn": false
    },
    {
      "id": 32,
      "name": "赵刚",
      "color": "#79f2d2",
      "steps": 28165,
      "isStar": true,
      "starNum": 47,
      "isOwn": false
    },
    {
      "id": 33,
      "name": "蒋军",
      "color": "#f2af79",
      "steps": 27945,
      "isStar": false,
      "starNum": 9,
      "isOwn": false
    },
    {
      "id": 34,
      "name": "石秀英",
      "color": "#8b79f2",
      "steps": 27725,
      "isStar": false,
      "starNum": 7,
      "isOwn": false
    },
    {
      "id": 35,
      "name": "卢平",
      "color": "#89f279",
      "steps": 27505,
      "isStar": true,
      "starNum": 0,
      "isOwn": false
    },
    {
      "id": 36,
      "name": "廖秀英",
      "color": "#f279ad",
      "steps": 27285,
      "isStar": true,
      "starNum": 36,
      "isOwn": false
    },
    {
      "id": 37,
      "name": "崔超",
      "color": "#79d0f2",
      "steps": 27065,
      "isStar": true,
      "starNum": 25,
      "isOwn": false
    },
    {
      "id": 38,
      "name": "黎洋",
      "color": "#f2f079",
      "steps": 26845,
      "isStar": false,
      "starNum": 15,
      "isOwn": false
    },
    {
      "id": 39,
      "name": "石娟",
      "color": "#cd79f2",
      "steps": 26625,
      "isStar": true,
      "starNum": 39,
      "isOwn": false
    },
    {
      "id": 40,
      "name": "袁霞",
      "color": "#79f2a9",
      "steps": 26405,
      "isStar": true,
      "starNum": 22,
      "isOwn": false
    },
    {
      "id": 41,
      "name": "顾芳",
      "color": "#f28679",
      "steps": 26185,
      "isStar": false,
      "starNum": 38,
      "isOwn": false
    },
    {
      "id": 42,
      "name": "于丽",
      "color": "#798ff2",
      "steps": 25965,
      "isStar": false,
      "starNum": 24,
      "isOwn": false
    },
    {
      "id": 43,
      "name": "夏磊",
      "color": "#b2f279",
      "steps": 25745,
      "isStar": true,
      "starNum": 30,
      "isOwn": false
    },
    {
      "id": 44,
      "name": "杜超",
      "color": "#f279d5",
      "steps": 25525,
      "isStar": true,
      "starNum": 30,
      "isOwn": false
    },
    {
      "id": 45,
      "name": "杜涛",
      "color": "#79f2eb",
      "steps": 25305,
      "isStar": false,
      "starNum": 42,
      "isOwn": false
    },
    {
      "id": 46,
      "name": "乔平",
      "color": "#f2c879",
      "steps": 25085,
      "isStar": true,
      "starNum": 39,
      "isOwn": false
    },
    {
      "id": 47,
      "name": "汪桂英",
      "color": "#a479f2",
      "steps": 24865,
      "isStar": false,
      "starNum": 1,
      "isOwn": false
    },
    {
      "id": 48,
      "name": "蒋磊",
      "color": "#79f281",
      "steps": 24645,
      "isStar": false,
      "starNum": 30,
      "isOwn": false
    },
    {
      "id": 49,
      "name": "郑超",
      "color": "#f27994",
      "steps": 24425,
      "isStar": false,
      "starNum": 32,
      "isOwn": false
    },
    {
      "id": 50,
      "name": "阎勇",
      "color": "#79b7f2",
      "steps": 24205,
      "isStar": false,
      "starNum": 14,
      "isOwn": false
    },
    {
      "id": 51,
      "name": "宋秀英",
      "color": "#daf279",
      "steps": 23985,
      "isStar": false,
      "starNum": 3,
      "isOwn": false
    },
    {
      "id": 52,
      "name": "乔涛",
      "color": "#e679f2",
      "steps": 23765,
      "isStar": false,
      "starNum": 42,
      "isOwn": false
    },
    {
      "id": 53,
      "name": "黄涛",
      "color": "#79f2c2",
      "steps": 23545,
      "isStar": true,
      "starNum": 14,
      "isOwn": false
    },
    {
      "id": 54,
      "name": "廖军",
      "color": "#f29f79",
      "steps": 23325,
      "isStar": true,
      "starNum": 23,
      "isOwn": false
    },
    {
      "id": 55,
      "name": "袁娟",
      "color": "#7c79f2",
      "steps": 23105,
      "isStar": false,
      "starNum": 45,
      "isOwn": false
    },
    {
      "id": 56,
      "name": "易强",
      "color": "#99f279",
      "steps": 22885,
      "isStar": true,
      "starNum": 46,
      "isOwn": false
    },
    {
      "id": 57,
      "name": "韩涛",
      "color": "#f279bc",
      "steps": 22665,
      "isStar": false,
      "starNum": 5,
      "isOwn": false
    },
    {
      "id": 58,
      "name": "范娟",
      "color": "#79e0f2",
      "steps": 22445,
      "isStar": true,
      "starNum": 4,
      "isOwn": false
    },
    {
      "id": 59,
      "name": "龚霞",
      "color": "#f2e179",
      "steps": 22225,
      "isStar": true,
      "starNum": 7,
      "isOwn": false
    },
    {
      "id": 60,
      "name": "贺丽",
      "color": "#bd79f2",
      "steps": 22005,
      "isStar": false,
      "starNum": 45,
      "isOwn": false
    },
    {
      "id": 61,
      "name": "冯洋",
      "color": "#79f29a",
      "steps": 21785,
      "isStar": true,
      "starNum": 26,
      "isOwn": false
    },
    {
      "id": 62,
      "name": "石伟",
      "color": "#f2797b",
      "steps": 21565,
      "isStar": false,
      "starNum": 19,
      "isOwn": false
    },
    {
      "id": 63,
      "name": "曾军",
      "color": "#799ef2",
      "steps": 21345,
      "isStar": true,
      "starNum": 33,
      "isOwn": false
    },
    {
      "id": 64,
      "name": "余平",
      "color": "#c1f279",
      "steps": 21125,
      "isStar": false,
      "starNum": 9,
      "isOwn": false
    },
    {
      "id": 65,
      "name": "雷静",
      "color": "#f279e5",
      "steps": 20905,
      "isStar": false,
      "starNum": 8,
      "isOwn": false
    },
    {
      "id": 66,
      "name": "钱军",
      "color": "#79f2db",
      "steps": 20685,
      "isStar": true,
      "starNum": 27,
      "isOwn": false
    },
    {
      "id": 67,
      "name": "唐超",
      "color": "#f2b879",
      "steps": 20465,
      "isStar": false,
      "starNum": 32,
      "isOwn": false
    },
    {
      "id": 68,
      "name": "尹敏",
      "color": "#9579f2",
      "steps": 20245,
      "isStar": true,
      "starNum": 28,
      "isOwn": false
    },
    {
      "id": 69,
      "name": "方超",
      "color": "#80f279",
      "steps": 20025,
      "isStar": false,
      "starNum": 1,
      "isOwn": false
    },
    {
      "id": 70,
      "name": "邵秀英",
      "color": "#f279a3",
      "steps": 19805,
      "isStar": true,
      "starNum": 15,
      "isOwn": false
    },
    {
      "id": 71,
      "name": "任敏",
      "color": "#79c7f2",
      "steps": 19585,
      "isStar": false,
      "starNum": 44,
      "isOwn": false
    },
    {
      "id": 72,
      "name": "廖霞",
      "color": "#eaf279",
      "steps": 19365,
      "isStar": false,
      "starNum": 30,
      "isOwn": false
    },
    {
      "id": 73,
      "name": "廖秀兰",
      "color": "#d679f2",
      "steps": 19145,
      "isStar": true,
      "starNum": 14,
      "isOwn": false
    },
    {
      "id": 74,
      "name": "于秀兰",
      "color": "#79f2b3",
      "steps": 18925,
      "isStar": true,
      "starNum": 23,
      "isOwn": false
    },
    {
      "id": 75,
      "name": "史磊",
      "color": "#f29079",
      "steps": 18705,
      "isStar": true,
      "starNum": 21,
      "isOwn": false
    },
    {
      "id": 76,
      "name": "尹明",
      "color": "#7985f2",
      "steps": 18485,
      "isStar": false,
      "starNum": 15,
      "isOwn": false
    },
    {
      "id": 77,
      "name": "武杰",
      "color": "#a8f279",
      "steps": 18265,
      "isStar": true,
      "starNum": 35,
      "isOwn": false
    },
    {
      "id": 78,
      "name": "罗杰",
      "color": "#f279cc",
      "steps": 18045,
      "isStar": false,
      "starNum": 37,
      "isOwn": false
    },
    {
      "id": 79,
      "name": "冯娟",
      "color": "#79eff2",
      "steps": 17825,
      "isStar": true,
      "starNum": 48,
      "isOwn": false
    },
    {
      "id": 80,
      "name": "冯静",
      "color": "#f2d179",
      "steps": 17605,
      "isStar": true,
      "starNum": 49,
      "isOwn": false
    },
    {
      "id": 81,
      "name": "赖艳",
      "color": "#ae79f2",
      "steps": 17385,
      "isStar": true,
      "starNum": 15,
      "isOwn": false
    },
    {
      "id": 82,
      "name": "卢娟",
      "color": "#79f28a",
      "steps": 17165,
      "isStar": false,
      "starNum": 5,
      "isOwn": false
    },
    {
      "id": 83,
      "name": "孔艳",
      "color": "#f2798a",
      "steps": 16945,
      "isStar": false,
      "starNum": 19,
      "isOwn": false
    },
    {
      "id": 84,
      "name": "徐娟",
      "color": "#79adf2",
      "steps": 16725,
      "isStar": false,
      "starNum": 26,
      "isOwn": false
    },
    {
      "id": 85,
      "name": "贺刚",
      "color": "#d1f279",
      "steps": 16505,
      "isStar": false,
      "starNum": 49,
      "isOwn": false
    },
    {
      "id": 86,
      "name": "于秀兰",
      "color": "#ef79f2",
      "steps": 16285,
      "isStar": false,
      "starNum": 7,
      "isOwn": false
    },
    {
      "id": 87,
      "name": "邹超",
      "color": "#79f2cc",
      "steps": 16065,
      "isStar": true,
      "starNum": 26,
      "isOwn": false
    },
    {
      "id": 88,
      "name": "丁强",
      "color": "#f2a979",
      "steps": 15845,
      "isStar": false,
      "starNum": 45,
      "isOwn": false
    },
    {
      "id": 89,
      "name": "龙静",
      "color": "#8579f2",
      "steps": 15625,
      "isStar": true,
      "starNum": 46,
      "isOwn": false
    },
    {
      "id": 90,
      "name": "陆秀兰",
      "color": "#8ff279",
      "steps": 15405,
      "isStar": false,
      "starNum": 50,
      "isOwn": false
    },
    {
      "id": 91,
      "name": "赖明",
      "color": "#f279b3",
      "steps": 15185,
      "isStar": false,
      "starNum": 34,
      "isOwn": false
    },
    {
      "id": 92,
      "name": "白艳",
      "color": "#79d6f2",
      "steps": 14965,
      "isStar": false,
      "starNum": 42,
      "isOwn": false
    },
    {
      "id": 93,
      "name": "姜艳",
      "color": "#f2ea79",
      "steps": 14745,
      "isStar": true,
      "starNum": 20,
      "isOwn": false
    },
    {
      "id": 94,
      "name": "于艳",
      "color": "#c779f2",
      "steps": 14525,
      "isStar": true,
      "starNum": 6,
      "isOwn": false
    },
    {
      "id": 95,
      "name": "张平",
      "color": "#79f2a3",
      "steps": 14305,
      "isStar": false,
      "starNum": 13,
      "isOwn": false
    },
    {
      "id": 96,
      "name": "孟艳",
      "color": "#f28079",
      "steps": 14085,
      "isStar": false,
      "starNum": 29,
      "isOwn": false
    },
    {
      "id": 97,
      "name": "程霞",
      "color": "#7994f2",
      "steps": 13865,
      "isStar": true,
      "starNum": 8,
      "isOwn": false
    },
    {
      "id": 98,
      "name": "沈秀英",
      "color": "#b8f279",
      "steps": 13645,
      "isStar": false,
      "starNum": 14,
      "isOwn": false
    },
    {
      "id": 99,
      "name": "苏军",
      "color": "#f279db",
      "steps": 13425,
      "isStar": true,
      "starNum": 36,
      "isOwn": false
    },
    {
      "id": 100,
      "name": "贺娟",
      "color": "#79f2e5",
      "steps": 13205,
      "isStar": false,
      "starNum": 38,
      "isOwn": false
    },
    {
      "id": 101,
      "name": "任芳",
      "color": "#f2c279",
      "steps": 12985,
      "isStar": true,
      "starNum": 35,
      "isOwn": false
    },
    {
      "id": 102,
      "name": "丁娟",
      "color": "#9e79f2",
      "steps": 12765,
      "isStar": true,
      "starNum": 26,
      "isOwn": false
    },
    {
      "id": 103,
      "name": "崔明",
      "color": "#79f27b",
      "steps": 12545,
      "isStar": false,
      "starNum": 46,
      "isOwn": false
    },
    {
      "id": 104,
      "name": "夏娟",
      "color": "#f2799a",
      "steps": 12325,
      "isStar": false,
      "starNum": 19,
      "isOwn": false
    },
    {
      "id": 105,
      "name": "段磊",
      "color": "#79bdf2",
      "steps": 12105,
      "isStar": false,
      "starNum": 34,
      "isOwn": false
    },
    {
      "id": 106,
      "name": "戴洋",
      "color": "#e0f279",
      "steps": 11885,
      "isStar": true,
      "starNum": 4,
      "isOwn": false
    },
    {
      "id": 107,
      "name": "王刚",
      "color": "#e079f2",
      "steps": 11665,
      "isStar": true,
      "starNum": 31,
      "isOwn": false
    },
    {
      "id": 108,
      "name": "万丽",
      "color": "#79f2bd",
      "steps": 11445,
      "isStar": false,
      "starNum": 11,
      "isOwn": false
    },
    {
      "id": 109,
      "name": "孔涛",
      "color": "#f29979",
      "steps": 11225,
      "isStar": true,
      "starNum": 25,
      "isOwn": false
    },
    {
      "id": 110,
      "name": "廖丽",
      "color": "#797bf2",
      "steps": 11005,
      "isStar": false,
      "starNum": 15,
      "isOwn": false
    },
    {
      "id": 111,
      "name": "王磊",
      "color": "#9ff279",
      "steps": 10785,
      "isStar": true,
      "starNum": 2,
      "isOwn": false
    },
    {
      "id": 112,
      "name": "罗丽",
      "color": "#f279c2",
      "steps": 10565,
      "isStar": true,
      "starNum": 8,
      "isOwn": false
    },
    {
      "id": 113,
      "name": "姜桂英",
      "color": "#79e5f2",
      "steps": 10345,
      "isStar": true,
      "starNum": 26,
      "isOwn": false
    },
    {
      "id": 114,
      "name": "夏刚",
      "color": "#f2db79",
      "steps": 10125,
      "isStar": true,
      "starNum": 6,
      "isOwn": false
    },
    {
      "id": 115,
      "name": "于军",
      "color": "#b779f2",
      "steps": 9905,
      "isStar": true,
      "starNum": 45,
      "isOwn": false
    },
    {
      "id": 116,
      "name": "崔桂英",
      "color": "#79f294",
      "steps": 9685,
      "isStar": false,
      "starNum": 43,
      "isOwn": false
    },
    {
      "id": 117,
      "name": "苏军",
      "color": "#f27981",
      "steps": 9465,
      "isStar": false,
      "starNum": 15,
      "isOwn": false
    },
    {
      "id": 118,
      "name": "杨平",
      "color": "#79a4f2",
      "steps": 9245,
      "isStar": true,
      "starNum": 10,
      "isOwn": false
    },
    {
      "id": 119,
      "name": "许艳",
      "color": "#c7f279",
      "steps": 9025,
      "isStar": true,
      "starNum": 37,
      "isOwn": false
    },
    {
      "id": 120,
      "name": "朱娟",
      "color": "#f279eb",
      "steps": 8805,
      "isStar": true,
      "starNum": 34,
      "isOwn": false
    },
    {
      "id": 121,
      "name": "乔娟",
      "color": "#79f2d6",
      "steps": 8585,
      "isStar": true,
      "starNum": 38,
      "isOwn": false
    },
    {
      "id": 122,
      "name": "贾涛",
      "color": "#f2b279",
      "steps": 8365,
      "isStar": false,
      "starNum": 14,
      "isOwn": false
    },
    {
      "id": 123,
      "name": "吴静",
      "color": "#8f79f2",
      "steps": 8145,
      "isStar": true,
      "starNum": 41,
      "isOwn": false
    },
    {
      "id": 124,
      "name": "姜桂英",
      "color": "#86f279",
      "steps": 7925,
      "isStar": true,
      "starNum": 21,
      "isOwn": false
    },
    {
      "id": 125,
      "name": "吴娜",
      "color": "#f279a9",
      "steps": 7705,
      "isStar": true,
      "starNum": 1,
      "isOwn": false
    },
    {
      "id": 126,
      "name": "江芳",
      "color": "#79ccf2",
      "steps": 7485,
      "isStar": true,
      "starNum": 34,
      "isOwn": false
    },
    {
      "id": 127,
      "name": "沈明",
      "color": "#f0f279",
      "steps": 7265,
      "isStar": false,
      "starNum": 32,
      "isOwn": false
    },
    {
      "id": 128,
      "name": "林丽",
      "color": "#d079f2",
      "steps": 7045,
      "isStar": false,
      "starNum": 47,
      "isOwn": false
    },
    {
      "id": 129,
      "name": "顾平",
      "color": "#79f2ad",
      "steps": 6825,
      "isStar": false,
      "starNum": 17,
      "isOwn": false
    },
    {
      "id": 130,
      "name": "万艳",
      "color": "#f28a79",
      "steps": 6605,
      "isStar": false,
      "starNum": 41,
      "isOwn": false
    },
    {
      "id": 131,
      "name": "魏霞",
      "color": "#798bf2",
      "steps": 6385,
      "isStar": true,
      "starNum": 18,
      "isOwn": false
    },
    {
      "id": 132,
      "name": "高刚",
      "color": "#aef279",
      "steps": 6165,
      "isStar": false,
      "starNum": 20,
      "isOwn": false
    },
    {
      "id": 133,
      "name": "卢超",
      "color": "#f279d2",
      "steps": 5945,
      "isStar": true,
      "starNum": 23,
      "isOwn": false
    },
    {
      "id": 134,
      "name": "卢芳",
      "color": "#79f2ef",
      "steps": 5725,
      "isStar": true,
      "starNum": 39,
      "isOwn": false
    },
    {
      "id": 135,
      "name": "谢丽",
      "color": "#f2cb79",
      "steps": 5505,
      "isStar": false,
      "starNum": 14,
      "isOwn": false
    },
    {
      "id": 136,
      "name": "史伟",
      "color": "#a879f2",
      "steps": 5285,
      "isStar": false,
      "starNum": 23,
      "isOwn": false
    },
    {
      "id": 137,
      "name": "石秀英",
      "color": "#79f285",
      "steps": 5065,
      "isStar": false,
      "starNum": 20,
      "isOwn": false
    },
    {
      "id": 138,
      "name": "陆军",
      "color": "#f27990",
      "steps": 4845,
      "isStar": false,
      "starNum": 41,
      "isOwn": false
    },
    {
      "id": 139,
      "name": "黎芳",
      "color": "#79b3f2",
      "steps": 4625,
      "isStar": true,
      "starNum": 37,
      "isOwn": false
    },
    {
      "id": 140,
      "name": "汪军",
      "color": "#d7f279",
      "steps": 4405,
      "isStar": false,
      "starNum": 41,
      "isOwn": false
    },
    {
      "id": 141,
      "name": "薛洋",
      "color": "#e979f2",
      "steps": 4185,
      "isStar": false,
      "starNum": 44,
      "isOwn": false
    },
    {
      "id": 142,
      "name": "谢涛",
      "color": "#79f2c6",
      "steps": 3965,
      "isStar": true,
      "starNum": 27,
      "isOwn": false
    },
    {
      "id": 143,
      "name": "贾涛",
      "color": "#f2a379",
      "steps": 3745,
      "isStar": false,
      "starNum": 38,
      "isOwn": false
    },
    {
      "id": 144,
      "name": "郝娜",
      "color": "#7f79f2",
      "steps": 3525,
      "isStar": false,
      "starNum": 9,
      "isOwn": false
    },
    {
      "id": 145,
      "name": "廖敏",
      "color": "#95f279",
      "steps": 3305,
      "isStar": true,
      "starNum": 14,
      "isOwn": false
    },
    {
      "id": 146,
      "name": "彭磊",
      "color": "#f279b9",
      "steps": 3085,
      "isStar": true,
      "starNum": 12,
      "isOwn": false
    },
    {
      "id": 147,
      "name": "叶明",
      "color": "#79dcf2",
      "steps": 2865,
      "isStar": true,
      "starNum": 15,
      "isOwn": false
    },
    {
      "id": 148,
      "name": "任超",
      "color": "#f2e479",
      "steps": 2645,
      "isStar": false,
      "starNum": 38,
      "isOwn": false
    },
    {
      "id": 149,
      "name": "傅敏",
      "color": "#c179f2",
      "steps": 2425,
      "isStar": true,
      "starNum": 46,
      "isOwn": false
    },
    {
      "id": 150,
      "name": "钱丽",
      "color": "#79f29e",
      "steps": 2205,
      "isStar": false,
      "starNum": 39,
      "isOwn": false
    },
    {
      "id": 151,
      "name": "小于",
      "color": "#f27a79",
      "steps": 0,
      "isStar": false,
      "starNum": 0,
      "isOwn": true
    }
  ]
}
